{"cameraMode":{"drawMode":0,"name":"Shaded","section":"Shading Mode"},"sceneLighting":true,"audioPlay":false,"sceneViewState":{"showFog":true,"showMaterialUpdate":false,"showSkybox":true,"showFlares":true,"showImageEffects":true,"showParticleSystems":true},"in2DMode":false,"pivot":{"x":14.454671859741211,"y":2.462097644805908,"z":-7.81449556350708},"rotation":{"x":0.08786924183368683,"y":0.7313220500946045,"z":-0.09598320722579956,"w":0.6695030331611633},"size":59.374027252197269,"orthographic":false}